{
"name": "Sherwoods",
"lastname": "Sherwood",
"spouse1": "Bill",
"spouse2": "Kathleen",
"children": [
    {
    "name": "Kimberly",
    "lastname": "Rapier",
    "spouse1": "Kimberly",
    "spouse2": "Scott",
    "children": [
        {"name": "Evelyn", "year": "1991", "age": 23, "num": "1", "sex": "F", "size": 23000},
        {"name": "Kathleen", "year": "1991", "age": 23, "num": "2", "sex": "F", "size": 23000},
        {"name": "Tanna", "year": "1992", "age": 22, "num": "4", "sex": "F", "size": 22000},
        {"name": "Drew", "year": "1994", "age": 20, "num": "", "sex": "M", "size": 20000},
        {"name": "Tara", "year": "1998", "age": 16, "num": "", "sex": "F", "size": 16000},
        {"name": "Tacy", "year": "2001", "age":13 , "num": "", "sex": "F", "size": 13000},
        {"name": "Mathew", "year": "2003", "age": 11, "num": "", "sex": "M", "size": 11000}
    ]
    },
    {
    "name": "Kris",
    "lastname": "Allen",
    "spouse1": "Kris",
    "spouse2": "Owen",
    "children": [
        {"name": "Brock", "year": "1991", "age": 23, "num": "3", "sex": "M", "size": 23000},
        {"name": "Lindsay", "year": "1994", "age": 20, "num": "", "sex": "F", "size": 20000},
        {"name": "Brett", "year": "1997", "age": 17, "num": "", "sex": "M", "size": 17000},
        {"name": "Rebecca", "year": "2004", "age": 10, "num": "", "sex": "F", "size": 10000}
    ]
    },
    {
    "name": "Koni",
    "lastname": "Smith",
    "spouse1": "KOni",
    "spouse2": "Ron",
    "children": [
        {"name": "Nathan", "year": "1996", "age": 18, "num": "", "sex": "M", "size": 18000},
        {"name": "Spencer", "year": "1998", "age": 16, "num": "", "sex": "M", "size": 16000},
        {"name": "Lauren", "year": "2001", "age": 13, "num": "", "sex": "F", "size": 13000},
        {"name": "Forrest", "year": "2003", "age": 11, "num": "", "sex": "M", "size": 11000},
        {"name": "Grant", "year": "2005", "age": 9, "num": "", "sex": "M", "size": 9000},
        {"name": "Stewart", "year": "2012", "age": 2, "num": "", "sex": "M", "size": 2000}
    ]
    },
    {
    "name": "Kari",
    "lastname": "Rockwood",
    "spouse1": "Kari",
    "spouse2": "Bryant",
    "children": [
        {"name": "Madison", "year": "2001", "age": 13, "num": "", "sex": "F", "size": 13000},
        {"name": "Maxwell", "year": "2002", "age": 12, "num": "", "sex": "M", "size": 12000},
        {"name": "Maya", "year": "2004", "age": 10, "num": "", "sex": "F", "size": 10000}
    ]
    },
    {
    "name": "Jeff",
    "lastname": "Sherwood",
    "spouse1": "Jeff",
    "spouse2": "Heather",
    "children": [
        {"name": "Jackson", "year": "2002", "age": 12, "num": "", "sex": "M", "size": 12000},
        {"name": "Carter", "year": "2004", "age": 10, "num": "", "sex": "M", "size": 10000},
        {"name": "Kate", "year": "2006", "age": 8, "num": "", "sex": "F", "size": 8000},
        {"name": "Ella", "year": "2007", "age": 7, "num": "", "sex": "F", "size": 7000},
        {"name": "Nora", "year": "2013", "age": 1, "num": "", "sex": "F", "size": 1000}
    ]
    },
    {
    "name": "Kindy",
    "lastname": "Wolfley",
    "spouse1": "Kindy",
    "spouse2": "Vern",
    "children": [
        {"name": "Elena", "year": "2001", "age": 13, "num": "", "sex": "F", "size": 13000},
        {"name": "Natalie", "year": "2003", "age": 11, "num": "", "sex": "F", "size": 11000},
        {"name": "Meghan", "year": "2005", "age": 9, "num": "", "sex": "F", "size": 9000},
        {"name": "Vern", "year": "2007", "age": 7, "num": "", "sex": "M", "size": 7000},
        {"name": "Benjamin", "year": "2008", "age": 6, "num": "", "sex": "M", "size": 6000}
    ]
    },
    {
    "name": "Greg",
    "lastname": "Sherwood",
    "spouse1": "Greg",
    "spouse2": "Nicolle",
    "children": [
        {"name": "Clara", "year": "2007", "age": 7, "num": "", "sex": "F", "size": 7000},
        {"name": "Sara Jane", "year": "2010", "age": 4, "num": "", "sex": "F", "size": 4000},
        {"name": "Sylvie", "year": "2012", "age": 2, "num": "", "sex": "F", "size": 2000}
    ]
    },
    {
    "name": "Rob",
    "lastname": "Sherwood",
    "spouse1": "Rob",
    "spouse2": "Jill",
    "children": [
        {"name": "Taylor", "year": "2001", "age": 13, "num": "", "sex": "M", "size": 13000},
        {"name": "Emilie", "year": "2003", "age": 11, "num": "", "sex": "F", "size": 11000},
        {"name": "Brian", "year": "2006", "age": 8, "num": "", "sex": "M", "size": 8000},
        {"name": "Caleb", "year": "2008", "age": 6, "num": "", "sex": "M", "size": 6000},
        {"name": "Melody", "year": "2010", "age": 4, "num": "", "sex": "F", "size": 4000},
        {"name": "Baby6", "year": "2014", "age": 0, "num": "", "sex": "", "size": 0}
    ]
    },
    {
    "name": "Karen",
    "lastname": "Scott",
    "spouse1": "Karen",
    "spouse2": "Chris",
    "children": [
        {"name": "William", "year": "2004", "age": 10, "num": "", "sex": "M", "size": 10000},
        {"name": "Annmarie", "year": "2005", "age": 9, "num": "", "sex": "F", "size": 9000},
        {"name": "Jeffrey", "year": "2007", "age": 7, "num": "", "sex": "M", "size": 7000},
        {"name": "Jedadiah", "year": "2008", "age": 6, "num": "", "sex": "M", "size": 6000},
        {"name": "Henry", "year": "2010", "age": 4, "num": "", "sex": "M", "size": 4000}
    ]
    }
]
}
